{
  "sat_0": [
    1.0,
    1.0,
    1.0,
    0.928894606661074,
    0.8633091131492245,
    0.8192812730497778
  ],
  "sat_1": [
    1.0,
    1.0,
    1.0,
    0.9606240442048221,
    0.9110915059564365,
    0.8740451986236323
  ],
  "sat_2": [
    1.0,
    1.0,
    1.0,
    0.9313381279168562,
    0.8650038970487921,
    0.8216564406576264
  ],
  "sat_3": [
    1.0,
    1.0,
    1.0,
    0.9501122251250337,
    0.8802142261763829,
    0.8550449760598846
  ],
  "sat_4": [
    1.0,
    1.0,
    1.0,
    0.9695977725820745,
    0.9356729595947891,
    0.9113835558678587
  ],
  "sat_5": [
    1.0,
    1.0,
    1.0,
    0.9572920082517336,
    0.9069352861942194,
    0.8841498055571936
  ],
  "sat_6": [
    1.0,
    1.0,
    1.0,
    0.9599296215600687,
    0.9204057714128927,
    0.8954995084015787
  ],
  "sat_7": [
    1.0,
    1.0,
    1.0,
    0.9257687550548219,
    0.8753151584240089,
    0.8386139080926798
  ],
  "sat_8": [
    1.0,
    1.0,
    1.0,
    0.9159553916082989,
    0.8502409178143541,
    0.7626455475230189
  ],
  "sat_9": [
    1.0,
    1.0,
    1.0,
    0.9130518587936018,
    0.8474468316177575,
    0.7759276238248067
  ],
  "sat_10": [
    1.0,
    1.0,
    1.0,
    0.9143913759672531,
    0.8485958304999288,
    0.7670878961499592
  ],
  "sat_11": [
    1.0,
    1.0,
    1.0,
    0.9364134324943403,
    0.8666323267482984,
    0.7985939401942561
  ]
}