{
  "sat_0": [
    1.0,
    1.0,
    1.0,
    0.9409717768796381,
    0.8730743614995056,
    0.8216805633677072
  ],
  "sat_1": [
    1.0,
    1.0,
    1.0,
    0.960907051229539,
    0.9169369558025026,
    0.8886773882611205
  ],
  "sat_2": [
    1.0,
    1.0,
    1.0,
    0.9311770390304057,
    0.8648749107519569,
    0.8235102857532131
  ],
  "sat_3": [
    1.0,
    1.0,
    1.0,
    0.9479286041760467,
    0.8783693683656734,
    0.8520522369217981
  ],
  "sat_4": [
    1.0,
    1.0,
    1.0,
    0.9660522479382316,
    0.9325295356227025,
    0.9034865518734201
  ],
  "sat_5": [
    1.0,
    1.0,
    1.0,
    0.9546451675286796,
    0.9117777334781816,
    0.8886883392775001
  ],
  "sat_6": [
    1.0,
    1.0,
    1.0,
    0.9447759904761173,
    0.9016951689108016,
    0.8780621456657386
  ],
  "sat_7": [
    1.0,
    1.0,
    1.0,
    0.9318173583478198,
    0.8679189327435886,
    0.8236562615574367
  ],
  "sat_8": [
    1.0,
    1.0,
    1.0,
    0.9149869172534818,
    0.8519765724330485,
    0.8018842572722269
  ],
  "sat_9": [
    1.0,
    1.0,
    1.0,
    0.9125398397138276,
    0.8495297304206153,
    0.80833148711967
  ],
  "sat_10": [
    1.0,
    1.0,
    1.0,
    0.91305953953581,
    0.8507028205107707,
    0.8012116915298143
  ],
  "sat_11": [
    1.0,
    1.0,
    1.0,
    0.9132789901715351,
    0.8505231108575335,
    0.8216001866001399
  ]
}