{
  "sat_0": [
    1.0,
    1.0,
    1.0,
    0.9385543610699598,
    0.8710123168440786,
    0.8282740045387392
  ],
  "sat_1": [
    1.0,
    1.0,
    1.0,
    0.9627289400256775,
    0.9130094496906678,
    0.8765059608803109
  ],
  "sat_2": [
    1.0,
    1.0,
    1.0,
    0.9317225219423323,
    0.8653128137775358,
    0.8245857457853429
  ],
  "sat_3": [
    1.0,
    1.0,
    1.0,
    0.952152929243944,
    0.881835014284927,
    0.8592055596174155
  ],
  "sat_4": [
    1.0,
    1.0,
    1.0,
    0.9657130916316148,
    0.934096351957408,
    0.9077812352279369
  ],
  "sat_5": [
    1.0,
    1.0,
    1.0,
    0.9572746286807262,
    0.9182195881815715,
    0.8860136194469459
  ],
  "sat_6": [
    1.0,
    1.0,
    1.0,
    0.9632185560556773,
    0.9231047328005468,
    0.897074855793287
  ],
  "sat_7": [
    1.0,
    1.0,
    1.0,
    0.9329074217678126,
    0.8739656723947762,
    0.837775366972084
  ],
  "sat_8": [
    1.0,
    1.0,
    1.0,
    0.9152414382074534,
    0.846137093799393,
    0.7251425550946363
  ],
  "sat_9": [
    1.0,
    1.0,
    1.0,
    0.9125497807505412,
    0.8437047534139667,
    0.7251318964229845
  ],
  "sat_10": [
    1.0,
    1.0,
    1.0,
    0.9133109895433366,
    0.8442584194207411,
    0.7317021091847874
  ],
  "sat_11": [
    1.0,
    1.0,
    1.0,
    0.9133332629300585,
    0.8447145813284134,
    0.7436456591730919
  ]
}