{
  "sat_0": [
    1.0,
    1.0,
    0.9201856763792725,
    0.8630000221192611,
    0.8124442609940202,
    0.7771188260594014
  ],
  "sat_1": [
    1.0,
    1.0,
    0.9479676408092713,
    0.9102308015266115,
    0.8722277873331123,
    0.835899891725441
  ],
  "sat_2": [
    1.0,
    1.0,
    0.9199534249355842,
    0.8652506344848379,
    0.812131522942568,
    0.7817155253080835
  ],
  "sat_3": [
    1.0,
    1.0,
    0.9222076312938353,
    0.8783351053120688,
    0.8225958917784162,
    0.8082500085926086
  ],
  "sat_4": [
    1.0,
    1.0,
    0.9661215564603343,
    0.9385837127025334,
    0.9092832645129094,
    0.877116784070622
  ],
  "sat_5": [
    1.0,
    1.0,
    0.9578462004667738,
    0.9230153461818111,
    0.8858784606468721,
    0.8653506914852256
  ],
  "sat_6": [
    1.0,
    1.0,
    0.959808238475804,
    0.9296327300463367,
    0.881243125620665,
    0.8609225329345455
  ],
  "sat_7": [
    1.0,
    1.0,
    0.9392666509817797,
    0.8813496883157569,
    0.8399060783508238,
    0.8149801911008774
  ],
  "sat_8": [
    1.0,
    1.0,
    0.9218734344818258,
    0.8592385056161059,
    0.8074864490602405,
    0.7682716084523689
  ],
  "sat_9": [
    1.0,
    1.0,
    0.9320912799877462,
    0.8652421562317927,
    0.8117478548441046,
    0.7701201343337001
  ],
  "sat_10": [
    1.0,
    1.0,
    0.921274107542724,
    0.8566293039576205,
    0.8049526567820918,
    0.7661262674979425
  ],
  "sat_11": [
    1.0,
    1.0,
    0.9328740586346606,
    0.8692247138107129,
    0.8191001023574583,
    0.779627907438853
  ]
}