{
  "sat_0": [
    1.0,
    1.0,
    1.0,
    1.0,
    0.9203985566888655,
    0.8615379008993935
  ],
  "sat_1": [
    1.0,
    1.0,
    1.0,
    1.0,
    0.949891952609308,
    0.8902942513729479
  ],
  "sat_2": [
    1.0,
    1.0,
    1.0,
    1.0,
    0.919931952861923,
    0.865430422278145
  ],
  "sat_3": [
    1.0,
    1.0,
    1.0,
    1.0,
    0.9201253728802381,
    0.8857890686511661
  ],
  "sat_4": [
    1.0,
    1.0,
    1.0,
    1.0,
    0.9558156810227305,
    0.9254156041638268
  ],
  "sat_5": [
    1.0,
    1.0,
    1.0,
    1.0,
    0.954284073487541,
    0.9202398644104459
  ],
  "sat_6": [
    1.0,
    1.0,
    1.0,
    1.0,
    0.9544160482244809,
    0.9230124725786927
  ],
  "sat_7": [
    1.0,
    1.0,
    1.0,
    1.0,
    0.9330146926339494,
    0.8795569778391832
  ],
  "sat_8": [
    1.0,
    1.0,
    1.0,
    1.0,
    0.8408094469845351,
    0.7505852768441802
  ],
  "sat_9": [
    1.0,
    1.0,
    1.0,
    1.0,
    0.8409134287847524,
    0.7510498482370973
  ],
  "sat_10": [
    1.0,
    1.0,
    1.0,
    1.0,
    0.8414491224339661,
    0.7535927908923462
  ],
  "sat_11": [
    1.0,
    1.0,
    1.0,
    1.0,
    0.8416003745297673,
    0.7860359515699514
  ]
}