{
  "sat_0": [
    1.0,
    1.0,
    0.9198337255156765,
    0.8623748169090509,
    0.811431105214874,
    0.781133141290617
  ],
  "sat_1": [
    1.0,
    1.0,
    0.9522506094225223,
    0.9211085467693589,
    0.8839203959496503,
    0.8487139491168953
  ],
  "sat_2": [
    1.0,
    1.0,
    0.9199491189846983,
    0.8625358891855979,
    0.8099597200901718,
    0.7781714032120648
  ],
  "sat_3": [
    1.0,
    1.0,
    0.9215907274758375,
    0.878504200077353,
    0.8227327953008587,
    0.8070749823572837
  ],
  "sat_4": [
    1.0,
    1.0,
    0.9674593729679635,
    0.9434892427999858,
    0.9158961244997731,
    0.8910665478765162
  ],
  "sat_5": [
    1.0,
    1.0,
    0.9562802559508027,
    0.9206958348922817,
    0.8839709252314505,
    0.8548951280711939
  ],
  "sat_6": [
    1.0,
    1.0,
    0.9651339461979358,
    0.9357320327506884,
    0.8945044864732695,
    0.8685580392471878
  ],
  "sat_7": [
    1.0,
    1.0,
    0.9257709879630136,
    0.8692574779449702,
    0.8202174191794563,
    0.7942132716071622
  ],
  "sat_8": [
    1.0,
    1.0,
    0.9218493808416308,
    0.858556654088919,
    0.8068579975624268,
    0.762684467952114
  ],
  "sat_9": [
    1.0,
    1.0,
    0.9318100935742369,
    0.8663437903447129,
    0.8126474634256846,
    0.7678450692589763
  ],
  "sat_10": [
    1.0,
    1.0,
    0.9212307783652611,
    0.8569018944208906,
    0.804901706156706,
    0.7618429383530464
  ],
  "sat_11": [
    1.0,
    1.0,
    0.9325846552646468,
    0.8763664323610123,
    0.8244470174370225,
    0.778851092116325
  ]
}