{
  "sat_0": [
    1.0,
    1.0,
    1.0,
    1.0,
    0.9201828517730505,
    0.8582662123662098
  ],
  "sat_1": [
    1.0,
    1.0,
    1.0,
    1.0,
    0.950916623849118,
    0.9033575412649539
  ],
  "sat_2": [
    1.0,
    1.0,
    1.0,
    1.0,
    0.9199324020903307,
    0.8648552933715133
  ],
  "sat_3": [
    1.0,
    1.0,
    1.0,
    1.0,
    0.9201521173492564,
    0.883353170109288
  ],
  "sat_4": [
    1.0,
    1.0,
    1.0,
    1.0,
    0.9598695810043184,
    0.9303671185041122
  ],
  "sat_5": [
    1.0,
    1.0,
    1.0,
    1.0,
    0.9538531777927441,
    0.9140926964902536
  ],
  "sat_6": [
    1.0,
    1.0,
    1.0,
    1.0,
    0.9510990720264964,
    0.9206408417995916
  ],
  "sat_7": [
    1.0,
    1.0,
    1.0,
    1.0,
    0.9364210379462117,
    0.8785760766068568
  ],
  "sat_8": [
    1.0,
    1.0,
    1.0,
    1.0,
    0.8407352709910676,
    0.7240062405783529
  ],
  "sat_9": [
    1.0,
    1.0,
    1.0,
    1.0,
    0.8408091754910794,
    0.7249558961817077
  ],
  "sat_10": [
    1.0,
    1.0,
    1.0,
    1.0,
    0.8410465079841118,
    0.7251641079577233
  ],
  "sat_11": [
    1.0,
    1.0,
    1.0,
    1.0,
    0.8408885152997368,
    0.7423869237073734
  ]
}