{
  "sat_0": [
    1.0,
    1.0,
    0.9198565806872665,
    0.8846109698382799,
    0.8276092087248172,
    0.7923782134602828
  ],
  "sat_1": [
    1.0,
    1.0,
    0.9519923582529972,
    0.9131638897863533,
    0.8757035985676964,
    0.8418413735313558
  ],
  "sat_2": [
    1.0,
    1.0,
    0.9199511798385961,
    0.8630592787186167,
    0.8103775541861699,
    0.7787101464470444
  ],
  "sat_3": [
    1.0,
    1.0,
    0.9207990448067813,
    0.8857027682634918,
    0.8287585433586241,
    0.81221085378902
  ],
  "sat_4": [
    1.0,
    1.0,
    0.9673467384113438,
    0.9421962434044985,
    0.9126434514450478,
    0.895851088237355
  ],
  "sat_5": [
    1.0,
    1.0,
    0.9561644721168776,
    0.9235061029603637,
    0.8925604423947898,
    0.868205471995901
  ],
  "sat_6": [
    1.0,
    1.0,
    0.9655625155508196,
    0.933954526727345,
    0.9004577313294262,
    0.880300354705376
  ],
  "sat_7": [
    1.0,
    1.0,
    0.9257384019189874,
    0.8684554522307185,
    0.8289321089670436,
    0.81158003441461
  ],
  "sat_8": [
    1.0,
    1.0,
    0.9310568813615668,
    0.8667575935329145,
    0.8105758357651431,
    0.6988403851570536
  ],
  "sat_9": [
    1.0,
    1.0,
    0.926582804236715,
    0.8609334481098136,
    0.805494301855045,
    0.6949589173588447
  ],
  "sat_10": [
    1.0,
    1.0,
    0.9267298694979224,
    0.8608417911790458,
    0.8055211365859635,
    0.6974528365138317
  ],
  "sat_11": [
    1.0,
    1.0,
    0.9284885865976569,
    0.8640969630137769,
    0.8097884173924601,
    0.7088121944888562
  ]
}