{
  "sat_0": [
    1.0,
    1.0,
    1.0,
    0.9462671764219515,
    0.8771077430121339,
    0.8407480464390791
  ],
  "sat_1": [
    1.0,
    1.0,
    1.0,
    0.9591962281465322,
    0.9128501848067222,
    0.8798614781880846
  ],
  "sat_2": [
    1.0,
    1.0,
    1.0,
    0.9349515331145013,
    0.8678969575122494,
    0.8239398620988077
  ],
  "sat_3": [
    1.0,
    1.0,
    1.0,
    0.9469277665062855,
    0.8776668204669562,
    0.8416088583529475
  ],
  "sat_4": [
    1.0,
    1.0,
    1.0,
    0.9582943592966199,
    0.9281762400969866,
    0.8982444428310323
  ],
  "sat_5": [
    1.0,
    1.0,
    1.0,
    0.9601768003915674,
    0.9159895227072766,
    0.8854463395456036
  ],
  "sat_6": [
    1.0,
    1.0,
    1.0,
    0.962630340808222,
    0.9117888884250228,
    0.8743541180757369
  ],
  "sat_7": [
    1.0,
    1.0,
    1.0,
    0.928128272517937,
    0.8728637137948531,
    0.8399488243486346
  ],
  "sat_8": [
    1.0,
    1.0,
    1.0,
    0.9141493947219334,
    0.8503512776022482,
    0.7974759251241956
  ],
  "sat_9": [
    1.0,
    1.0,
    1.0,
    0.9124804572101474,
    0.8486521384127987,
    0.7993823781692214
  ],
  "sat_10": [
    1.0,
    1.0,
    1.0,
    0.912635437938569,
    0.8491476802089235,
    0.804168155626606
  ],
  "sat_11": [
    1.0,
    1.0,
    1.0,
    0.9335722635357426,
    0.8662382077668198,
    0.8194661254044776
  ]
}