{
  "sat_0": [
    1.0,
    1.0,
    0.9198337534283043,
    0.8717997382777413,
    0.8193321761600052,
    0.7936565046730929
  ],
  "sat_1": [
    1.0,
    1.0,
    0.9524047925813752,
    0.9235326493071827,
    0.8819529015573132,
    0.8451325398835453
  ],
  "sat_2": [
    1.0,
    1.0,
    0.919949126646926,
    0.8630144741927545,
    0.8103408885947476,
    0.7789596306486233
  ],
  "sat_3": [
    1.0,
    1.0,
    0.9216040101327483,
    0.8874860838487951,
    0.8300882280113207,
    0.8075259780758159
  ],
  "sat_4": [
    1.0,
    1.0,
    0.9656148989923818,
    0.9397449150934046,
    0.8888843065158618,
    0.8479789066996739
  ],
  "sat_5": [
    1.0,
    1.0,
    0.9614942735873009,
    0.9303939579284239,
    0.8922084304037793,
    0.8695161786430952
  ],
  "sat_6": [
    1.0,
    1.0,
    0.9557258823287514,
    0.9306344061187629,
    0.8967327703952348,
    0.8817978109443988
  ],
  "sat_7": [
    1.0,
    1.0,
    0.9486435136034219,
    0.8821395244819823,
    0.8457546728769163,
    0.8204837977793267
  ],
  "sat_8": [
    1.0,
    1.0,
    0.921218625686313,
    0.8563960658681449,
    0.8031834010054865,
    0.7120717678380923
  ],
  "sat_9": [
    1.0,
    1.0,
    0.9318931097807676,
    0.8644383418284982,
    0.8088632956650186,
    0.7175948183684564
  ],
  "sat_10": [
    1.0,
    1.0,
    0.9212435373783745,
    0.8576021220835328,
    0.8031308457170979,
    0.7136960484014652
  ],
  "sat_11": [
    1.0,
    1.0,
    0.9326700239711334,
    0.8754899167372302,
    0.8189085260722688,
    0.7342488694288968
  ]
}