{
  "sat_0": [
    1.0,
    1.0,
    1.0,
    0.9596194610166067,
    0.9271670709192361,
    0.9007106583139212,
    0.8800650577286634,
    0.8639941666114188,
    0.8507422733939122,
    0.8394060677147611,
    0.8315318245915114,
    0.8249222559723004,
    0.8193786241216628,
    0.8152368640576361,
    0.8119427907377416,
    0.8094206712336444,
    0.8065038973558829,
    0.8049927757780666,
    0.8049927757780666,
    0.804108761528039,
    0.8021648633637606
  ],
  "sat_1": [
    1.0,
    1.0,
    1.0,
    0.9574389269116813,
    0.9237442424891656,
    0.8970227295739033,
    0.8721780628256073,
    0.8555930483529721,
    0.8430338169163598,
    0.8332957430043557,
    0.8243109958877769,
    0.8183967116402666,
    0.813578056772787,
    0.808457617333287,
    0.8050018983724472,
    0.8002592184857404,
    0.7983517877721876,
    0.7970349876741247,
    0.7970349876741247,
    0.7962737646190873,
    0.7955288027771856
  ],
  "sat_2": [
    1.0,
    1.0,
    1.0,
    0.9566932808341821,
    0.9208572023384294,
    0.8920502477036701,
    0.8713481059596103,
    0.8519122858953662,
    0.8378952775272752,
    0.8260457727436299,
    0.8163487013000059,
    0.8089869508898706,
    0.8035613879730878,
    0.7999115975430844,
    0.7971687770913582,
    0.7939180593127262,
    0.7923328075422328,
    0.7886949401024709,
    0.7886949401024709,
    0.7883387465437742,
    0.7865362735592373
  ],
  "sat_3": [
    1.0,
    1.0,
    1.0,
    0.955622165035445,
    0.9216121772697324,
    0.8936444573123056,
    0.8716860526602389,
    0.8539061495632694,
    0.8395215567953536,
    0.8288098442415598,
    0.8200881707676396,
    0.8136025473985927,
    0.8084029091825475,
    0.8040462813699981,
    0.80017917869303,
    0.7977803600312826,
    0.7956247468617053,
    0.7944094693478184,
    0.7944094693478184,
    0.7933819874560585,
    0.7923646923119344
  ],
  "sat_4": [
    1.0,
    1.0,
    1.0,
    0.9552144980320209,
    0.9195285596277626,
    0.8926695638167312,
    0.8587982307723814,
    0.8227191394589153,
    0.813539838466705,
    0.8088167802137024,
    0.7981260354781468,
    0.7729470099716003,
    0.7715716763229635,
    0.7656128140862178,
    0.7469624216187105,
    0.7313220124217276,
    0.7295794711245902,
    0.7156015126896971,
    0.7306457059447958,
    0.7295524880166102,
    0.7234294793422551
  ],
  "sat_5": [
    1.0,
    1.0,
    1.0,
    0.9487838084327275,
    0.912737316403923,
    0.8856480756068533,
    0.8636987641579512,
    0.847648467273123,
    0.8319269719515255,
    0.8216197735334012,
    0.812513903340891,
    0.8059197946680092,
    0.7967429007804973,
    0.7932362491064743,
    0.7909559239024604,
    0.7851416841875609,
    0.7804343839221111,
    0.7798794598720977,
    0.7791552905020668,
    0.7793628261562833,
    0.7780135701264717
  ],
  "sat_6": [
    1.0,
    1.0,
    1.0,
    0.9579724413683125,
    0.9252290173745094,
    0.8931194044891355,
    0.8731732921618758,
    0.8535146179485867,
    0.8412078136213369,
    0.8316165739232215,
    0.8223136790152837,
    0.8162230189225705,
    0.8107061048657653,
    0.805910781823941,
    0.8031578794417299,
    0.8004146494211022,
    0.7988593933333022,
    0.7967309485252467,
    0.7954957025792828,
    0.7952890487173223,
    0.7918397460424698
  ],
  "sat_7": [
    1.0,
    1.0,
    1.0,
    0.951416191672356,
    0.9180176369745771,
    0.8917659217985497,
    0.8727303410916704,
    0.8558370258950442,
    0.8427821146511566,
    0.8328643895841162,
    0.824498530434949,
    0.818499288695069,
    0.8124479217926983,
    0.8084388134798759,
    0.8045906680369218,
    0.802448717179821,
    0.8008235283593004,
    0.7990718256162956,
    0.7970586670276734,
    0.7970254150011531,
    0.7953766976038114
  ],
  "sat_8": [
    1.0,
    1.0,
    1.0,
    0.9520091674575328,
    0.9118339466953256,
    0.887456397615927,
    0.863089271045238,
    0.8412075933988048,
    0.8412075933988048,
    0.8281323671326741,
    0.8211967276019295,
    0.8211967276019295,
    0.7343596727542528,
    0.7427342548819496,
    0.7470908159922132,
    0.7548823640167797,
    0.7559103290808679,
    0.7631861879993462,
    0.7631861879993462,
    0.7567673045726939,
    0.7610658951937039
  ],
  "sat_9": [
    1.0,
    1.0,
    1.0,
    0.9367451322222116,
    0.885264020588427,
    0.837825425840625,
    0.8085074533113124,
    0.78950342042549,
    0.78950342042549,
    0.7802300178439592,
    0.7710680816745431,
    0.7710680816745431,
    0.6909269270578997,
    0.7085434745799173,
    0.7168023648934132,
    0.7287769158134982,
    0.7387108697528066,
    0.7404225388597695,
    0.7404225388597695,
    0.7374924885852963,
    0.7420760704012868
  ],
  "sat_10": [
    1.0,
    1.0,
    1.0,
    0.956851322031139,
    0.9232565657845395,
    0.8972145078183213,
    0.8728415124311851,
    0.8553406250484641,
    0.8553406250484641,
    0.8421718934269864,
    0.8323851275437142,
    0.8323851275437142,
    0.7442703337937181,
    0.7520405385879902,
    0.7581363912349435,
    0.7634679355471868,
    0.7686932420323804,
    0.7731124419390734,
    0.7731124419390734,
    0.7673064136972682,
    0.7714232445586173
  ],
  "sat_11": [
    1.0,
    1.0,
    1.0,
    0.9560752702553005,
    0.9232620140174533,
    0.8971058865396091,
    0.8765564477656744,
    0.8606600989926048,
    0.8606600989926048,
    0.8471901693003678,
    0.8358477688054102,
    0.8358477688054102,
    0.7478515165044464,
    0.7556521086005021,
    0.763233600927955,
    0.7687272815423265,
    0.7736952784065667,
    0.7776677285722493,
    0.7776677285722493,
    0.7704764170673268,
    0.7738304575234316
  ]
}