{
  "sat_0": [
    1.0,
    1.0,
    1.0,
    0.9291604890814384,
    0.8633365233546302,
    0.8269768532119167
  ],
  "sat_1": [
    1.0,
    1.0,
    1.0,
    0.9606052991143541,
    0.9173571022727018,
    0.8883427377594265
  ],
  "sat_2": [
    1.0,
    1.0,
    1.0,
    0.9316621039360244,
    0.8652644062964521,
    0.8218375083214825
  ],
  "sat_3": [
    1.0,
    1.0,
    1.0,
    0.9507304440310888,
    0.8808149013414077,
    0.8542631102734888
  ],
  "sat_4": [
    1.0,
    1.0,
    1.0,
    0.9593510540497372,
    0.9292975945630644,
    0.9093235154463923
  ],
  "sat_5": [
    1.0,
    1.0,
    1.0,
    0.9649004346861896,
    0.9238229329307021,
    0.8973822458681582
  ],
  "sat_6": [
    1.0,
    1.0,
    1.0,
    0.9605231762981786,
    0.9079280016537268,
    0.855813656193567
  ],
  "sat_7": [
    1.0,
    1.0,
    1.0,
    0.9274806655502704,
    0.8748234320206963,
    0.8388923532904117
  ],
  "sat_8": [
    1.0,
    1.0,
    1.0,
    0.9132394848893074,
    0.8501180108326877,
    0.8005061069279354
  ],
  "sat_9": [
    1.0,
    1.0,
    1.0,
    0.9125718708149272,
    0.8492128554269788,
    0.7986463988931155
  ],
  "sat_10": [
    1.0,
    1.0,
    1.0,
    0.9124151504646116,
    0.8493017996978236,
    0.8038194560859464
  ],
  "sat_11": [
    1.0,
    1.0,
    1.0,
    0.9164548088990057,
    0.8527465403692326,
    0.8186030118501408
  ]
}