{
  "sat_0": [
    1.0,
    1.0,
    1.0,
    1.0,
    0.920982972363659,
    0.8643962029961538
  ],
  "sat_1": [
    1.0,
    1.0,
    1.0,
    1.0,
    0.9483124889232877,
    0.9034152868916216
  ],
  "sat_2": [
    1.0,
    1.0,
    1.0,
    1.0,
    0.9199312660082845,
    0.8649766685034337
  ],
  "sat_3": [
    1.0,
    1.0,
    1.0,
    1.0,
    0.919978734651393,
    0.8843186782596237
  ],
  "sat_4": [
    1.0,
    1.0,
    1.0,
    1.0,
    0.9598626101135486,
    0.9261598449493508
  ],
  "sat_5": [
    1.0,
    1.0,
    1.0,
    1.0,
    0.951443351048011,
    0.9152767795995487
  ],
  "sat_6": [
    1.0,
    1.0,
    1.0,
    1.0,
    0.9319862065244083,
    0.9057193901125986
  ],
  "sat_7": [
    1.0,
    1.0,
    1.0,
    1.0,
    0.936150989626519,
    0.880571523101974
  ],
  "sat_8": [
    1.0,
    1.0,
    1.0,
    1.0,
    0.8407784063953497,
    0.7155495132399678
  ],
  "sat_9": [
    1.0,
    1.0,
    1.0,
    1.0,
    0.8408216812813968,
    0.7165567662046001
  ],
  "sat_10": [
    1.0,
    1.0,
    1.0,
    1.0,
    0.8411358925619727,
    0.7189848919857396
  ],
  "sat_11": [
    1.0,
    1.0,
    1.0,
    1.0,
    0.8412164488131256,
    0.7407938947733985
  ]
}