{
  "sat_0": [
    1.0,
    1.0,
    0.9198566405627595,
    0.8723744983316004,
    0.8183149825262006,
    0.7929949743637325
  ],
  "sat_1": [
    1.0,
    1.0,
    0.9520409462785998,
    0.9177061386090214,
    0.8804002407710291,
    0.847483909773856
  ],
  "sat_2": [
    1.0,
    1.0,
    0.9199511869370569,
    0.8669047338116573,
    0.8134543035524878,
    0.7765938430508359
  ],
  "sat_3": [
    1.0,
    1.0,
    0.9206380846472642,
    0.8845836291801533,
    0.8276551872025422,
    0.8124703799022689
  ],
  "sat_4": [
    1.0,
    1.0,
    0.9673956159247934,
    0.9433680836015199,
    0.9151583812303421,
    0.891153589640922
  ],
  "sat_5": [
    1.0,
    1.0,
    0.9562146951133376,
    0.9237562425802922,
    0.8847197766775174,
    0.8617487700768777
  ],
  "sat_6": [
    1.0,
    1.0,
    0.9650690191173317,
    0.9375295223680286,
    0.8914417357019381,
    0.8742011324154951
  ],
  "sat_7": [
    1.0,
    1.0,
    0.9257525123845873,
    0.8689968354138441,
    0.8195832251208928,
    0.7907037265624386
  ],
  "sat_8": [
    1.0,
    1.0,
    0.9211291151846486,
    0.8589712733168564,
    0.8068641737865876,
    0.7637471257579429
  ],
  "sat_9": [
    1.0,
    1.0,
    0.9317760329481,
    0.8654123638999706,
    0.8115212638576466,
    0.7677206965723907
  ],
  "sat_10": [
    1.0,
    1.0,
    0.9212255408542699,
    0.8570292185115095,
    0.8049316181632885,
    0.7659908998003795
  ],
  "sat_11": [
    1.0,
    1.0,
    0.9325494668365316,
    0.8699113470754449,
    0.8184360173397023,
    0.774482987257001
  ]
}