{
  "sat_0": [
    1.0,
    1.0,
    0.9198566019401223,
    0.8762622129069766,
    0.8209960369432729,
    0.7925006575041593
  ],
  "sat_1": [
    1.0,
    1.0,
    0.9520112310267299,
    0.9170152570101353,
    0.8774129125324158,
    0.8469079068910089
  ],
  "sat_2": [
    1.0,
    1.0,
    0.9199511873626882,
    0.8664361025246685,
    0.8130777345034462,
    0.7778674978043917
  ],
  "sat_3": [
    1.0,
    1.0,
    0.9206369630004377,
    0.8842316578428013,
    0.8273432676864759,
    0.8037117700320058
  ],
  "sat_4": [
    1.0,
    1.0,
    0.970918367350006,
    0.9453082906479005,
    0.8950097125103156,
    0.8787963383392459
  ],
  "sat_5": [
    1.0,
    1.0,
    0.958617283136499,
    0.927231663283092,
    0.895742661470763,
    0.871546005104342
  ],
  "sat_6": [
    1.0,
    1.0,
    0.9557510223015246,
    0.9269155009189367,
    0.8690437538432894,
    0.8517929602866879
  ],
  "sat_7": [
    1.0,
    1.0,
    0.9310708678937467,
    0.8711391623277477,
    0.8275480517136733,
    0.8013023658131903
  ],
  "sat_8": [
    1.0,
    1.0,
    0.9211272799622471,
    0.8581440008295778,
    0.7440055694989547,
    0.6367912453874983
  ],
  "sat_9": [
    1.0,
    1.0,
    0.9317600671648583,
    0.8646905176433567,
    0.7487744245739025,
    0.6429891068714739
  ],
  "sat_10": [
    1.0,
    1.0,
    0.9212230808876815,
    0.8561781918203788,
    0.7417505030259266,
    0.6374099407956715
  ],
  "sat_11": [
    1.0,
    1.0,
    0.9325330231244411,
    0.8690713486032349,
    0.7544836897652261,
    0.6519383472470875
  ]
}