{
  "sat_0": [
    1.0,
    1.0,
    1.0,
    1.0,
    0.9204198183128587,
    0.8602366853573362
  ],
  "sat_1": [
    1.0,
    1.0,
    1.0,
    1.0,
    0.9472598383827918,
    0.8971723612238232
  ],
  "sat_2": [
    1.0,
    1.0,
    1.0,
    1.0,
    0.9199320863037471,
    0.8635170287216646
  ],
  "sat_3": [
    1.0,
    1.0,
    1.0,
    1.0,
    0.9202544652495537,
    0.8873170798864567
  ],
  "sat_4": [
    1.0,
    1.0,
    1.0,
    1.0,
    0.958428506366722,
    0.924195777611235
  ],
  "sat_5": [
    1.0,
    1.0,
    1.0,
    1.0,
    0.9557958761790725,
    0.9209800116985953
  ],
  "sat_6": [
    1.0,
    1.0,
    1.0,
    1.0,
    0.950936167013717,
    0.9194218795837974
  ],
  "sat_7": [
    1.0,
    1.0,
    1.0,
    1.0,
    0.9330435711418211,
    0.8806222701693225
  ],
  "sat_8": [
    1.0,
    1.0,
    1.0,
    1.0,
    0.8406756439448713,
    0.7892309386073011
  ],
  "sat_9": [
    1.0,
    1.0,
    1.0,
    1.0,
    0.8408899649019248,
    0.7910342851624609
  ],
  "sat_10": [
    1.0,
    1.0,
    1.0,
    1.0,
    0.8408152938943705,
    0.7894675125133915
  ],
  "sat_11": [
    1.0,
    1.0,
    1.0,
    1.0,
    0.8407703391321101,
    0.8124690093939347
  ]
}