{
  "sat_0": [
    1.0,
    1.0,
    1.0,
    1.0,
    0.9204198183128587,
    0.8602870926981514
  ],
  "sat_1": [
    1.0,
    1.0,
    1.0,
    1.0,
    0.9472598383827918,
    0.8969295670304985
  ],
  "sat_2": [
    1.0,
    1.0,
    1.0,
    1.0,
    0.9199320863037471,
    0.8660580154302226
  ],
  "sat_3": [
    1.0,
    1.0,
    1.0,
    1.0,
    0.9202544652495537,
    0.8861088585689633
  ],
  "sat_4": [
    1.0,
    1.0,
    1.0,
    1.0,
    0.9597214698886626,
    0.9320777542231581
  ],
  "sat_5": [
    1.0,
    1.0,
    1.0,
    1.0,
    0.9557958189586135,
    0.9092080790651702
  ],
  "sat_6": [
    1.0,
    1.0,
    1.0,
    1.0,
    0.9509361574769738,
    0.9233775581720401
  ],
  "sat_7": [
    1.0,
    1.0,
    1.0,
    1.0,
    0.9330435091529905,
    0.87687159514385
  ],
  "sat_8": [
    1.0,
    1.0,
    1.0,
    1.0,
    0.8406756391764997,
    0.7133021796284054
  ],
  "sat_9": [
    1.0,
    1.0,
    1.0,
    1.0,
    0.8408899410600669,
    0.7139650515834247
  ],
  "sat_10": [
    1.0,
    1.0,
    1.0,
    1.0,
    0.840808636595427,
    0.7146656356676148
  ],
  "sat_11": [
    1.0,
    1.0,
    1.0,
    1.0,
    0.8407816053207579,
    0.7546115472591798
  ]
}