{
  "sat_0": [
    1.0,
    1.0,
    0.9198566405627595,
    0.8848713591835614,
    0.8282123096929089,
    0.7910489698190608
  ],
  "sat_1": [
    1.0,
    1.0,
    0.9520409462785998,
    0.9134693699550572,
    0.8768062771412601,
    0.8445442028995626
  ],
  "sat_2": [
    1.0,
    1.0,
    0.9199511869370569,
    0.8631503380366491,
    0.8104516373789724,
    0.7787043129068553
  ],
  "sat_3": [
    1.0,
    1.0,
    0.9208012978100001,
    0.8859617988386337,
    0.8286977164808662,
    0.8078883349359443
  ],
  "sat_4": [
    1.0,
    1.0,
    0.9643242551571763,
    0.9389540704870747,
    0.9095185091946592,
    0.8835358255157086
  ],
  "sat_5": [
    1.0,
    1.0,
    0.9562147737914687,
    0.928558153668587,
    0.8943126501633049,
    0.8701968773512172
  ],
  "sat_6": [
    1.0,
    1.0,
    0.9632590392510822,
    0.9307767012152048,
    0.886649198808034,
    0.8668162871338229
  ],
  "sat_7": [
    1.0,
    1.0,
    0.9257524575483141,
    0.8746412713622491,
    0.8272724197534659,
    0.8027674708584739
  ],
  "sat_8": [
    1.0,
    1.0,
    0.9218431855735594,
    0.8585230658086264,
    0.8072350238800876,
    0.7663724626062781
  ],
  "sat_9": [
    1.0,
    1.0,
    0.931775951885783,
    0.8662868201893035,
    0.8127806144800636,
    0.7705858759615167
  ],
  "sat_10": [
    1.0,
    1.0,
    0.9212255313175267,
    0.8568905929553008,
    0.8054357294574604,
    0.7685045978215449
  ],
  "sat_11": [
    1.0,
    1.0,
    0.932549497830947,
    0.8761239822136272,
    0.8224656309432058,
    0.785525106131411
  ]
}