{
  "sat_0": [
    1.0,
    1.0,
    1.0,
    0.9465057967018046,
    0.8776779106394338,
    0.8417141701553337
  ],
  "sat_1": [
    1.0,
    1.0,
    1.0,
    0.9630485753731498,
    0.915055442300394,
    0.8745120863174703
  ],
  "sat_2": [
    1.0,
    1.0,
    1.0,
    0.9307963801457738,
    0.8645692870502698,
    0.8271159183044029
  ],
  "sat_3": [
    1.0,
    1.0,
    1.0,
    0.9461749194861867,
    0.8770517249058236,
    0.853576152475109
  ],
  "sat_4": [
    1.0,
    1.0,
    1.0,
    0.9693590685301541,
    0.9303017927840413,
    0.9092738635787316
  ],
  "sat_5": [
    1.0,
    1.0,
    1.0,
    0.9632186742312369,
    0.9196097912176752,
    0.8927477978721439
  ],
  "sat_6": [
    1.0,
    1.0,
    1.0,
    0.9451681115836682,
    0.9083220708034881,
    0.8758856344934978
  ],
  "sat_7": [
    1.0,
    1.0,
    1.0,
    0.9348632262205041,
    0.8832188511515766,
    0.8442120070253191
  ],
  "sat_8": [
    1.0,
    1.0,
    1.0,
    0.9142196081839351,
    0.785668427352098,
    0.6729325620820052
  ],
  "sat_9": [
    1.0,
    1.0,
    1.0,
    0.9124829306339443,
    0.7839080057171393,
    0.6713168544328715
  ],
  "sat_10": [
    1.0,
    1.0,
    1.0,
    0.9126457702460765,
    0.7839372078755484,
    0.6721540846091754
  ],
  "sat_11": [
    1.0,
    1.0,
    1.0,
    0.9341328980882067,
    0.8021220274119043,
    0.6984401600839724
  ]
}