{
  "sat_0": [
    1.0,
    1.0,
    1.0,
    1.0,
    0.9214184491950992,
    0.8577599325096903
  ],
  "sat_1": [
    1.0,
    1.0,
    1.0,
    1.0,
    0.9543161101508957,
    0.9088691788174688
  ],
  "sat_2": [
    1.0,
    1.0,
    1.0,
    1.0,
    0.9199331481040466,
    0.8637851129590683
  ],
  "sat_3": [
    1.0,
    1.0,
    1.0,
    1.0,
    0.9202248932552392,
    0.8802487316165571
  ],
  "sat_4": [
    1.0,
    1.0,
    1.0,
    1.0,
    0.93226867631414,
    0.8940245702484995
  ],
  "sat_5": [
    1.0,
    1.0,
    1.0,
    1.0,
    0.9517860082342373,
    0.917980528748595
  ],
  "sat_6": [
    1.0,
    1.0,
    1.0,
    1.0,
    0.9537130806387053,
    0.9172827407350861
  ],
  "sat_7": [
    1.0,
    1.0,
    1.0,
    1.0,
    0.9310817482410884,
    0.8854631402856121
  ],
  "sat_8": [
    1.0,
    1.0,
    1.0,
    1.0,
    0.84070476146805,
    0.7135273027810433
  ],
  "sat_9": [
    1.0,
    1.0,
    1.0,
    1.0,
    0.8409925425201594,
    0.7163163820883706
  ],
  "sat_10": [
    1.0,
    1.0,
    1.0,
    1.0,
    0.8411952611756236,
    0.7157806444539813
  ],
  "sat_11": [
    1.0,
    1.0,
    1.0,
    1.0,
    0.8409545694868324,
    0.7327569487443731
  ]
}