{
  "sat_0": [
    1.0,
    1.0,
    1.0,
    0.9293957536439587,
    0.8640408203538391,
    0.8185054153281727
  ],
  "sat_1": [
    1.0,
    1.0,
    1.0,
    0.9618454690663665,
    0.9178578944344887,
    0.8809844634632953
  ],
  "sat_2": [
    1.0,
    1.0,
    1.0,
    0.9319492561181578,
    0.8654938987242893,
    0.8239309479376545
  ],
  "sat_3": [
    1.0,
    1.0,
    1.0,
    0.9501508640578284,
    0.8803206757389177,
    0.8565821030014964
  ],
  "sat_4": [
    1.0,
    1.0,
    1.0,
    0.9689018960743436,
    0.9086830641645964,
    0.8909355689690356
  ],
  "sat_5": [
    1.0,
    1.0,
    1.0,
    0.9622650709453698,
    0.9257030361434624,
    0.8972792249713415
  ],
  "sat_6": [
    1.0,
    1.0,
    1.0,
    0.9663177024775057,
    0.9239470749493628,
    0.8972838009244797
  ],
  "sat_7": [
    1.0,
    1.0,
    1.0,
    0.9228604910348069,
    0.8648648815880795,
    0.8233451169889768
  ],
  "sat_8": [
    1.0,
    1.0,
    1.0,
    0.9130320648667667,
    0.8505581571418077,
    0.8010557981320755
  ],
  "sat_9": [
    1.0,
    1.0,
    1.0,
    0.9130813466780834,
    0.8502227790680047,
    0.8043385000330031
  ],
  "sat_10": [
    1.0,
    1.0,
    1.0,
    0.9144252435237384,
    0.8512548787478518,
    0.8082755157502969
  ],
  "sat_11": [
    1.0,
    1.0,
    1.0,
    0.9325172972897465,
    0.8661019726435437,
    0.8401206133374304
  ]
}