{
  "sat_0": [
    1.0,
    1.0,
    1.0,
    1.0,
    0.9209820242496365,
    0.8604259961738399
  ],
  "sat_1": [
    1.0,
    1.0,
    1.0,
    1.0,
    0.9522116066191494,
    0.9090336012839748
  ],
  "sat_2": [
    1.0,
    1.0,
    1.0,
    1.0,
    0.9199321007562118,
    0.8650856500418656
  ],
  "sat_3": [
    1.0,
    1.0,
    1.0,
    1.0,
    0.9199713897834799,
    0.884076061939202
  ],
  "sat_4": [
    1.0,
    1.0,
    1.0,
    1.0,
    0.9601991261146747,
    0.9212054038961552
  ],
  "sat_5": [
    1.0,
    1.0,
    1.0,
    1.0,
    0.9526493752275298,
    0.9169207981827722
  ],
  "sat_6": [
    1.0,
    1.0,
    1.0,
    1.0,
    0.9459799465723282,
    0.9156932533784045
  ],
  "sat_7": [
    1.0,
    1.0,
    1.0,
    1.0,
    0.9315501502013795,
    0.8822879424674535
  ],
  "sat_8": [
    1.0,
    1.0,
    1.0,
    1.0,
    0.8408187275490763,
    0.7140838340345094
  ],
  "sat_9": [
    1.0,
    1.0,
    1.0,
    1.0,
    0.8410006022422575,
    0.7159307469497537
  ],
  "sat_10": [
    1.0,
    1.0,
    1.0,
    1.0,
    0.8414576613160352,
    0.7164687209982323
  ],
  "sat_11": [
    1.0,
    1.0,
    1.0,
    1.0,
    0.841591282613146,
    0.7394102241759293
  ]
}