{
  "sat_0": [
    1.0,
    1.0,
    1.0,
    1.0,
    0.9202566505759886,
    0.8666217108304177
  ],
  "sat_1": [
    1.0,
    1.0,
    1.0,
    1.0,
    0.953440363466357,
    0.8987736341325775
  ],
  "sat_2": [
    1.0,
    1.0,
    1.0,
    1.0,
    0.9199315696618215,
    0.8697419984978778
  ],
  "sat_3": [
    1.0,
    1.0,
    1.0,
    1.0,
    0.9203338438744314,
    0.881978891130308
  ],
  "sat_4": [
    1.0,
    1.0,
    1.0,
    1.0,
    0.9509571690928047,
    0.8921275312258046
  ],
  "sat_5": [
    1.0,
    1.0,
    1.0,
    1.0,
    0.9511276056050159,
    0.9145206619045965
  ],
  "sat_6": [
    1.0,
    1.0,
    1.0,
    1.0,
    0.9550173149559208,
    0.9160843835414314
  ],
  "sat_7": [
    1.0,
    1.0,
    1.0,
    1.0,
    0.9426719695349226,
    0.8866553985147939
  ],
  "sat_8": [
    1.0,
    1.0,
    1.0,
    1.0,
    0.8407714944517343,
    0.7165990713771924
  ],
  "sat_9": [
    1.0,
    1.0,
    1.0,
    1.0,
    0.8408099574451766,
    0.7168693243518881
  ],
  "sat_10": [
    1.0,
    1.0,
    1.0,
    1.0,
    0.8410233992641041,
    0.7186827136599939
  ],
  "sat_11": [
    1.0,
    1.0,
    1.0,
    1.0,
    0.8413997719300055,
    0.7452050532855451
  ]
}