{
  "sat_0": [
    1.0,
    1.0,
    1.0,
    0.9395292032455725,
    0.871674664998976,
    0.8215639734908989
  ],
  "sat_1": [
    1.0,
    1.0,
    1.0,
    0.9623058963049456,
    0.9142385535914204,
    0.8725916074101073
  ],
  "sat_2": [
    1.0,
    1.0,
    1.0,
    0.9349409701376591,
    0.8678874224595514,
    0.8252157950192286
  ],
  "sat_3": [
    1.0,
    1.0,
    1.0,
    0.9488089477756485,
    0.8790316478031993,
    0.8543691901179652
  ],
  "sat_4": [
    1.0,
    1.0,
    1.0,
    0.9682828073460873,
    0.9358708569456581,
    0.9126960685821928
  ],
  "sat_5": [
    1.0,
    1.0,
    1.0,
    0.9601912666294902,
    0.9175992469349085,
    0.8933817939876574
  ],
  "sat_6": [
    1.0,
    1.0,
    1.0,
    0.9582133152796987,
    0.8990037335211234,
    0.8785794824682089
  ],
  "sat_7": [
    1.0,
    1.0,
    1.0,
    0.9237938946968289,
    0.8619913373484314,
    0.8333762244207729
  ],
  "sat_8": [
    1.0,
    1.0,
    1.0,
    0.915920729135703,
    0.8524301787764407,
    0.8024997575705801
  ],
  "sat_9": [
    1.0,
    1.0,
    1.0,
    0.9130667064367307,
    0.8496722139710151,
    0.8081428958280342
  ],
  "sat_10": [
    1.0,
    1.0,
    1.0,
    0.91438169543661,
    0.8512159745680721,
    0.8040649861084258
  ],
  "sat_11": [
    1.0,
    1.0,
    1.0,
    0.9361261307648701,
    0.868562841693228,
    0.8329195037597069
  ]
}