{
  "sat_0": [
    1.0,
    1.0,
    1.0,
    0.9593942844048526,
    0.9272086269836551,
    0.9016044255383169,
    0.8810952232504948,
    0.8648397097886695,
    0.8510723248907511,
    0.8399449931571027,
    0.8313942632024836,
    0.8245537142070118,
    0.819482178139959,
    0.8150443799519396,
    0.8114181453438039,
    0.8090109834733196,
    0.8067866943207137,
    0.8054315631374644,
    0.8054315631374644,
    0.8046259697159506,
    0.8036328157835235
  ],
  "sat_1": [
    1.0,
    1.0,
    1.0,
    0.9575409234220215,
    0.9228649577017023,
    0.8958896766926975,
    0.87362066345037,
    0.8566559330730069,
    0.8428905491869696,
    0.8331941270805727,
    0.8247503943497807,
    0.8181871916604335,
    0.8132099685774329,
    0.8095433903678634,
    0.8066333295814155,
    0.8042508582263614,
    0.8020093041949123,
    0.8001946989247625,
    0.8001946989247625,
    0.799203243612868,
    0.7974893820410948
  ],
  "sat_2": [
    1.0,
    1.0,
    1.0,
    0.954512177984021,
    0.9192666276035409,
    0.8921587264077245,
    0.8697432861502064,
    0.8527929417705445,
    0.8384399823142695,
    0.8284763053333147,
    0.8187312970067815,
    0.8115087454943115,
    0.8062495628635155,
    0.800963730693733,
    0.7963642387599491,
    0.7935574000260246,
    0.788947701140775,
    0.7869250375988885,
    0.7869250375988885,
    0.7858090255543844,
    0.7854994877848596
  ],
  "sat_3": [
    1.0,
    1.0,
    1.0,
    0.9568847394251934,
    0.9231519335580466,
    0.8955052469587028,
    0.8744821314487262,
    0.8577377379454089,
    0.844345247497428,
    0.8338913314788525,
    0.825354418990078,
    0.8187625623516904,
    0.8137716149450426,
    0.8098432852879791,
    0.8064772473902058,
    0.8040251181113224,
    0.8019048078646106,
    0.8001149091985599,
    0.8001149091985599,
    0.799467921664761,
    0.798345204529322
  ],
  "sat_4": [
    1.0,
    1.0,
    1.0,
    0.8726465749067213,
    0.7754721606541297,
    0.6983006314674558,
    0.6353148962096368,
    0.5796951848656355,
    0.5418577722884486,
    0.5115755041732366,
    0.4679709181115633,
    0.4373651847965116,
    0.4173767001646166,
    0.41081391679220897,
    0.38559309202528574,
    0.3754256310871459,
    0.3746161713417525,
    0.35767492931039435,
    0.3605118982872138,
    0.43391132535759774,
    0.4114622607039169
  ],
  "sat_5": [
    1.0,
    1.0,
    1.0,
    0.8675975658445051,
    0.7649572714325914,
    0.6820026568034518,
    0.6198113320782634,
    0.5669108680401413,
    0.5265187392888758,
    0.4934423298331728,
    0.46978063706811357,
    0.4450141816523777,
    0.42806208749006575,
    0.41587747907395867,
    0.40812101987778393,
    0.400905549238151,
    0.3939695982105923,
    0.3906927412157361,
    0.38614182194432545,
    0.46439529872822566,
    0.4462550743131922
  ],
  "sat_6": [
    1.0,
    1.0,
    1.0,
    0.8790229723342982,
    0.7811741978499385,
    0.7018368510865087,
    0.6391925450314195,
    0.5900977169655544,
    0.550650653753537,
    0.5186946437975077,
    0.4936589121832511,
    0.4728712901281643,
    0.4564716402316471,
    0.443621159263452,
    0.4335733778657701,
    0.42480270560860406,
    0.4149819894338278,
    0.41070340672597183,
    0.40595038813531137,
    0.4833302703959089,
    0.463968800522188
  ],
  "sat_7": [
    1.0,
    1.0,
    1.0,
    0.8788780656974561,
    0.7806938722000343,
    0.7022929595883922,
    0.6411231144663481,
    0.5922707947902596,
    0.5529448785064423,
    0.5218173589036784,
    0.4967781608746234,
    0.47626669195648547,
    0.4574807668753725,
    0.4445802135302014,
    0.42954339337739245,
    0.4230322993561588,
    0.4168965031023982,
    0.4123141004310563,
    0.4080034711920064,
    0.48625414906813913,
    0.4672794201102037
  ],
  "sat_8": [
    1.0,
    1.0,
    1.0,
    0.9581092638648128,
    0.9071952745151207,
    0.8712907046791798,
    0.8533789784515403,
    0.8303699759011873,
    0.8303699759011873,
    0.7423568377772223,
    0.6686082162199758,
    0.6686082162199758,
    0.6134947768193068,
    0.5680619183015011,
    0.5289445558036701,
    0.5009014287782961,
    0.4677211334028122,
    0.45207904571092905,
    0.45207904571092905,
    0.5162393394235096,
    0.49058829081150923
  ],
  "sat_9": [
    1.0,
    1.0,
    1.0,
    0.9284232713889785,
    0.8780592146929469,
    0.8442116767456762,
    0.825266661559521,
    0.8152996663611435,
    0.8152996663611435,
    0.7267904745520337,
    0.6587657438000096,
    0.6587657438000096,
    0.6049146531629793,
    0.5597359939836459,
    0.5244320859234476,
    0.497545645556411,
    0.47538863941251064,
    0.4585491413551544,
    0.4585491413551544,
    0.5256301218774282,
    0.4981711567988893
  ],
  "sat_10": [
    1.0,
    1.0,
    1.0,
    0.9589135800821974,
    0.9254397190230547,
    0.8991258852987536,
    0.8781593768138438,
    0.860104299935778,
    0.860104299935778,
    0.7659497972958637,
    0.6926865887824695,
    0.6926865887824695,
    0.632288272273555,
    0.5835047680918429,
    0.5454322385655901,
    0.514620481886743,
    0.48949581128208336,
    0.4694719230853162,
    0.4694719230853162,
    0.532804544225286,
    0.5049726501748023
  ],
  "sat_11": [
    1.0,
    1.0,
    1.0,
    0.9589148856323972,
    0.9262875871140048,
    0.8991858602722744,
    0.8773820416339364,
    0.8601277447716955,
    0.8601277447716955,
    0.767318681945052,
    0.6934993311980754,
    0.6934993311980754,
    0.633929093186108,
    0.5860192604458292,
    0.5482422943542097,
    0.5173382896953627,
    0.4923238597101614,
    0.4729771319585789,
    0.4729771319585789,
    0.538077662211082,
    0.5098811184507432
  ]
}