{
  "sat_0": [
    1.0,
    1.0,
    1.0,
    0.9397533516787939,
    0.8723271115334432,
    0.8387198444786998
  ],
  "sat_1": [
    1.0,
    1.0,
    1.0,
    0.9636644024104141,
    0.912239952677628,
    0.8705065744890977
  ],
  "sat_2": [
    1.0,
    1.0,
    1.0,
    0.9342148935333353,
    0.8673070643783671,
    0.8221760401806923
  ],
  "sat_3": [
    1.0,
    1.0,
    1.0,
    0.9490526091888412,
    0.8794892775731229,
    0.8526892637992829
  ],
  "sat_4": [
    1.0,
    1.0,
    1.0,
    0.9710110929171768,
    0.9377851761067207,
    0.8935965837919309
  ],
  "sat_5": [
    1.0,
    1.0,
    1.0,
    0.943009333166799,
    0.9065443322946294,
    0.8818785262828643
  ],
  "sat_6": [
    1.0,
    1.0,
    1.0,
    0.947713680766719,
    0.8798955771115485,
    0.8586159531640649
  ],
  "sat_7": [
    1.0,
    1.0,
    1.0,
    0.9315068388877519,
    0.8805384335443129,
    0.8493067142825588
  ],
  "sat_8": [
    1.0,
    1.0,
    1.0,
    0.914271481224978,
    0.8513916272893678,
    0.8015200002816196
  ],
  "sat_9": [
    1.0,
    1.0,
    1.0,
    0.9124923518002195,
    0.8494194744410127,
    0.8040931499966181
  ],
  "sat_10": [
    1.0,
    1.0,
    1.0,
    0.9126600227781791,
    0.8497002398889527,
    0.8016830998859871
  ],
  "sat_11": [
    1.0,
    1.0,
    1.0,
    0.9346029927926363,
    0.8676688423379787,
    0.8281455087188284
  ]
}