{
  "sat_0": [
    1.0,
    1.0,
    0.919856987502072,
    0.8847932359842581,
    0.8279957228424458,
    0.8026147500392194
  ],
  "sat_1": [
    1.0,
    1.0,
    0.9522891776362307,
    0.9128265143050909,
    0.8738790340502327,
    0.8382257886818919
  ],
  "sat_2": [
    1.0,
    1.0,
    0.9199512234265907,
    0.863124941547111,
    0.8104296237240314,
    0.7722863291958206
  ],
  "sat_3": [
    1.0,
    1.0,
    0.9208128725527185,
    0.8859015568148816,
    0.8287248317823184,
    0.8123383611329232
  ],
  "sat_4": [
    1.0,
    1.0,
    0.9674098209561612,
    0.9275822880574426,
    0.883436088784623,
    0.8464915539735792
  ],
  "sat_5": [
    1.0,
    1.0,
    0.9575010014145052,
    0.9223559905226102,
    0.8875510163433272,
    0.8676478161115567
  ],
  "sat_6": [
    1.0,
    1.0,
    0.9594622073802272,
    0.9167276644164625,
    0.8724395095448795,
    0.8581554307921019
  ],
  "sat_7": [
    1.0,
    1.0,
    0.9390120909055895,
    0.875417854386736,
    0.8287477081904316,
    0.7926566473453434
  ],
  "sat_8": [
    1.0,
    1.0,
    0.9211445121044082,
    0.8581144014550928,
    0.8065531874418884,
    0.7649941759070061
  ],
  "sat_9": [
    1.0,
    1.0,
    0.9319099079096075,
    0.8648011607038861,
    0.8111571135578317,
    0.7707977616887115
  ],
  "sat_10": [
    1.0,
    1.0,
    0.9212461243588617,
    0.8563261832272636,
    0.8043183955247076,
    0.7627520954347031
  ],
  "sat_11": [
    1.0,
    1.0,
    0.9326873151733419,
    0.8691171016157455,
    0.8179947471630851,
    0.7936219038713329
  ]
}