{
  "sat_0": [
    1.0,
    1.0,
    1.0,
    0.9454408818953459,
    0.87640447760548,
    0.8418715094504651,
    0.7956654632549448,
    0.7723670004262954,
    0.7422254043826544,
    0.7377955894114661,
    0.7269557230183886,
    0.7142269759638628,
    0.7251412475161356,
    0.7197879095626998,
    0.7318580943081783,
    0.7389439768992794,
    0.7465725343703707,
    0.7522392542146944,
    0.7614306391478616,
    0.7632019320954189,
    0.7643529115503462
  ],
  "sat_1": [
    1.0,
    1.0,
    1.0,
    0.9576252856806443,
    0.9208300910489993,
    0.874612954287328,
    0.8409671890100912,
    0.806178235204603,
    0.8002188905151703,
    0.7958072800344064,
    0.7890703183139927,
    0.7854757679912374,
    0.7825834094955222,
    0.7762620626059172,
    0.7659512057558854,
    0.7570006934491238,
    0.7503270795348466,
    0.7499675361752625,
    0.7598875692916425,
    0.7557023928854055,
    0.7616293285360646
  ],
  "sat_2": [
    1.0,
    1.0,
    1.0,
    0.9257338870131057,
    0.8605179124477377,
    0.8142094458780021,
    0.7712808940685779,
    0.7501316835366894,
    0.7200718006687352,
    0.7059981740470397,
    0.6847213140886428,
    0.6753891233716537,
    0.660171881168549,
    0.6595447042399595,
    0.6476132946459354,
    0.6518550690322652,
    0.6415373772217012,
    0.6441772903072146,
    0.6353746427719799,
    0.6401430014746375,
    0.6321172491039377
  ],
  "sat_3": [
    1.0,
    1.0,
    1.0,
    0.9476159237845818,
    0.8784558246656557,
    0.8504213828795231,
    0.8005329812055147,
    0.7917044758137785,
    0.7549216024335539,
    0.7501728007067493,
    0.7203778326621203,
    0.7209526729728711,
    0.6971600917545773,
    0.7040120538615742,
    0.6849020521959737,
    0.6941754769158319,
    0.6768855343479118,
    0.6879860999733232,
    0.6782791363322623,
    0.6835176540200292,
    0.669109543242446
  ],
  "sat_4": [
    1.0,
    1.0,
    1.0,
    0.9648124834062841,
    0.9342176381386265,
    0.9095807922978072,
    0.8872717441053274,
    0.8721162958172421,
    0.8587606614642832,
    0.8334778531515727,
    0.8263620473725457,
    0.8177203131740799,
    0.814923867619232,
    0.7991954844574016,
    0.7843108697669685,
    0.7869171801482465,
    0.7842021483619254,
    0.7814838539192448,
    0.7805483848375877,
    0.7847760944208069,
    0.7852436864561297
  ],
  "sat_5": [
    1.0,
    1.0,
    1.0,
    0.945090063124961,
    0.9063264788250718,
    0.8744070400963132,
    0.8503383912031223,
    0.8247301764255591,
    0.8096624644175935,
    0.8066132906097369,
    0.7985721318852282,
    0.7944672106407658,
    0.785247427923941,
    0.7824727598137233,
    0.779803687305006,
    0.7786959677996315,
    0.7763778498437902,
    0.7776178342333359,
    0.7788610961253493,
    0.7722902248755625,
    0.7679232595269915
  ],
  "sat_6": [
    1.0,
    1.0,
    1.0,
    0.9635671284070215,
    0.9215902004936142,
    0.8816604581911651,
    0.8607676451401023,
    0.8312678138720995,
    0.8175742827433435,
    0.8076818012461611,
    0.797647618265487,
    0.7891731584991595,
    0.7903184056802789,
    0.7699051205730569,
    0.7696458510663476,
    0.7701504911908795,
    0.7754708037119449,
    0.7695877240548652,
    0.7483273697914424,
    0.7279811405971612,
    0.7330236461107114
  ],
  "sat_7": [
    1.0,
    1.0,
    1.0,
    0.9381334119473929,
    0.8760816549695879,
    0.8337597012766125,
    0.8091658846528287,
    0.7894477625088162,
    0.775767116120267,
    0.7549413414052615,
    0.7423346735318801,
    0.7372288462352038,
    0.7331730029784711,
    0.7329085359445395,
    0.7322227911784054,
    0.7169569852705604,
    0.7060280436874925,
    0.6992896141651586,
    0.7060919854969414,
    0.7177298164930835,
    0.725071156177666
  ],
  "sat_8": [
    1.0,
    1.0,
    1.0,
    0.9136416745176064,
    0.7728332402794682,
    0.6591028780485665,
    0.5683899355485359,
    0.49497870727093884,
    0.4385693150877764,
    0.39100151540324524,
    0.35309933516366937,
    0.35309933516366937,
    0.3225349311335052,
    0.29830429422010263,
    0.2787596702551,
    0.2630918587331819,
    0.2505535181375526,
    0.24051997265328123,
    0.23249597195353552,
    0.22607417281199121,
    0.2210004371669258
  ],
  "sat_9": [
    1.0,
    1.0,
    1.0,
    0.9127305631721562,
    0.7718980733364136,
    0.6582897548858258,
    0.5681582426360335,
    0.4949225654326236,
    0.44480226383855,
    0.4005130273212246,
    0.3613290066273383,
    0.3613290066273383,
    0.3337901620377773,
    0.31565004245915634,
    0.2936903101100494,
    0.2762209767234415,
    0.2649411436297971,
    0.2551925563713006,
    0.25231729180279266,
    0.24787540104755348,
    0.24717380948774098
  ],
  "sat_10": [
    1.0,
    1.0,
    1.0,
    0.9126059398611044,
    0.7725484245076917,
    0.6588393317068868,
    0.570090677390765,
    0.49727105917113956,
    0.4458952437666284,
    0.3976627978658175,
    0.3597569774213944,
    0.3597569774213944,
    0.32973540543894964,
    0.3061648553432735,
    0.2897892472718331,
    0.27782539609785545,
    0.26483471073901405,
    0.26074885610214804,
    0.26024834754575193,
    0.2576846102727439,
    0.2540125634450368
  ],
  "sat_11": [
    1.0,
    1.0,
    1.0,
    0.9132800524972933,
    0.7835661197252588,
    0.6683023161246942,
    0.5970660539722321,
    0.5180276616227271,
    0.464261239372588,
    0.41197804302515506,
    0.3751368929615482,
    0.3751368929615482,
    0.34021422708665644,
    0.3243442179539287,
    0.3011957258527862,
    0.2858635514386615,
    0.28650871017107066,
    0.27994558932785923,
    0.27798895295277826,
    0.26274066085975356,
    0.25635270820432077
  ]
}