{
  "sat_0": [
    1.0,
    1.0,
    1.0,
    1.0,
    0.919992817867266,
    0.8670484073305733
  ],
  "sat_1": [
    1.0,
    1.0,
    1.0,
    1.0,
    0.9517332247732162,
    0.9002805832566312
  ],
  "sat_2": [
    1.0,
    1.0,
    1.0,
    1.0,
    0.9199316480092631,
    0.8653426622339851
  ],
  "sat_3": [
    1.0,
    1.0,
    1.0,
    1.0,
    0.9202490538958885,
    0.885710548591947
  ],
  "sat_4": [
    1.0,
    1.0,
    1.0,
    1.0,
    0.9601333707307694,
    0.9157548325871337
  ],
  "sat_5": [
    1.0,
    1.0,
    1.0,
    1.0,
    0.9508029667616353,
    0.9121190739984254
  ],
  "sat_6": [
    1.0,
    1.0,
    1.0,
    1.0,
    0.9526497203332521,
    0.9207642127408409
  ],
  "sat_7": [
    1.0,
    1.0,
    1.0,
    1.0,
    0.9374410456350006,
    0.8904766192342324
  ],
  "sat_8": [
    1.0,
    1.0,
    1.0,
    1.0,
    0.8407373876008022,
    0.7151709962246946
  ],
  "sat_9": [
    1.0,
    1.0,
    1.0,
    1.0,
    0.8408037222848527,
    0.7161945868996342
  ],
  "sat_10": [
    1.0,
    1.0,
    1.0,
    1.0,
    0.8410788375833909,
    0.7183784011493834
  ],
  "sat_11": [
    1.0,
    1.0,
    1.0,
    1.0,
    0.8413226960807112,
    0.728890643463022
  ]
}