{
  "sat_0": [
    1.0,
    1.0,
    0.9198337255156765,
    0.8621647917798594,
    0.8112362136881835,
    0.790862978275556
  ],
  "sat_1": [
    1.0,
    1.0,
    0.9522506094225223,
    0.9204083177260858,
    0.8830678248145111,
    0.8420208369738229
  ],
  "sat_2": [
    1.0,
    1.0,
    0.9199491189846983,
    0.8623254830325202,
    0.8097914028739774,
    0.7774417000229372
  ],
  "sat_3": [
    1.0,
    1.0,
    0.9215907274758375,
    0.8779602908926575,
    0.8222968504824407,
    0.7998003066881821
  ],
  "sat_4": [
    1.0,
    1.0,
    0.9674593801205208,
    0.9428092343446131,
    0.880680248237664,
    0.8673388940799265
  ],
  "sat_5": [
    1.0,
    1.0,
    0.9562802869452179,
    0.9115007007414615,
    0.8773509554652383,
    0.8533382545058719
  ],
  "sat_6": [
    1.0,
    1.0,
    0.9633246075755129,
    0.9045351565967098,
    0.8615032735072065,
    0.8501424537738527
  ],
  "sat_7": [
    1.0,
    1.0,
    0.9257709760420847,
    0.8652857059259693,
    0.8263674289047406,
    0.7943481668299245
  ],
  "sat_8": [
    1.0,
    1.0,
    0.9218493808416308,
    0.8585144553385717,
    0.8070459901237499,
    0.7658766847738624
  ],
  "sat_9": [
    1.0,
    1.0,
    0.9318100935742369,
    0.866300167229947,
    0.8126207772799485,
    0.7712092222617538
  ],
  "sat_10": [
    1.0,
    1.0,
    0.9212307783652611,
    0.8568912868053306,
    0.8051675368079557,
    0.7655509765514092
  ],
  "sat_11": [
    1.0,
    1.0,
    0.9325846552646468,
    0.8760512813092413,
    0.8225052364823875,
    0.7803952756596507
  ]
}